<?xml version="1.0" encoding="UTF-8"?>
 <c3p0-config> 
	 <default-config> 
		 <property name="driverClass">com.mysql.jdbc.Driver</property> 
		 <property name="jdbcUrl">jdbc:mysql:///web03</property>
		 <property name="user">root</property> 
		 <property name="password">123</property> 
	 </default-config>
	 
	 <named-config name="oracle"> 
	 	 <property name="driverClass">com.mysql.jdbc.Driver</property> 
		 <property name="jdbcUrl">jdbc:mysql:///day04</property> 
		 <property name="user">root</property> 
		 <property name="password">123</property> 
	 </named-config>
</c3p0-config>
 